branch_id,branch_name,loan_type,count_of_loans,loans_approved,loans_rejected,loans_closed,unique_customers,loans_under_30,loans_30_to_50,loans_over_50,approval_rate,rejection_rate,closed_rate,total_loan_amount,avg_loan_amount,avg_interest_rate,avg_loan_term_months,long_term_loan_share_more_than_36,short_term_loan_share_less_than_24,earliest_approval_date,latest_approval_date
25,Odessa,mortgage,23,5,8,10,23,3,7,13,0.2173913,0.3478261,0.4347826,539730.5,23466.543,0.02718260869565218,34.43478260869565,0.3478261,0.2173913,2020-06-10,2022-12-22
66,Hong Kong,mortgage,25,6,9,10,25,2,4,19,0.24,0.36,0.4,696066.74,27842.67,0.030484,38.4,0.48,0.16,2020-05-19,2022-09-20
72,Jeddah,personal,19,5,7,7,19,3,8,8,0.2631579,0.36842105,0.36842105,460719.48,24248.393,0.026973684210526313,41.05263157894737,0.57894737,0.2631579,2020-02-07,2022-09-22
77,Copenhagen,mortgage,21,12,3,6,21,3,7,11,0.5714286,0.14285715,0.2857143,476440.91000000003,22687.662,0.029685714285714287,38.857142857142854,0.3809524,0.0952381,2020-01-31,2022-09-18
90,Bratislava,personal,16,11,3,2,16,2,6,8,0.6875,0.1875,0.125,286584.48,17911.53,0.025750000000000002,36.0,0.375,0.1875,2020-07-25,2022-09-08
91,Tashkent,personal,19,8,6,5,19,1,3,15,0.42105263,0.31578946,0.2631579,478037.41,25159.863,0.029147368421052623,28.42105263157895,0.21052632,0.31578946,2020-01-13,2022-10-14
96,Reykjavik,mortgage,15,5,6,4,15,0,7,8,0.33333334,0.4,0.26666668,351161.55,23410.771,0.03391333333333333,36.8,0.46666667,0.33333334,2020-02-10,2022-05-25
12,Berlin,mortgage,20,6,5,9,20,4,3,13,0.3,0.25,0.45,499975.7800000001,24998.79,0.027210000000000005,39.6,0.35,0.15,2020-05-18,2022-05-06
4,Amsterdam,auto,11,7,2,2,11,3,3,5,0.6363636,0.18181819,0.18181819,228909.85000000003,20809.986,0.03364545454545454,29.454545454545453,0.18181819,0.18181819,2020-05-01,2022-08-20
89,Rome,mortgage,14,5,2,7,14,3,1,10,0.35714287,0.14285715,0.5,391826.0900000001,27987.578,0.030892857142857142,40.285714285714285,0.5,0.071428575,2020-09-27,2022-07-29
49,Singapore,auto,20,5,9,6,20,4,2,14,0.25,0.45,0.3,550177.18,27508.86,0.030619999999999998,37.2,0.4,0.1,2020-03-24,2022-06-01
27,Baku,personal,23,5,7,11,23,2,6,15,0.2173913,0.3043478,0.47826087,420363.9,18276.691,0.034256521739130436,38.608695652173914,0.4347826,0.13043478,2020-04-19,2022-10-23
78,Belgrade,mortgage,16,6,3,7,16,2,4,10,0.375,0.1875,0.4375,343968.04999999993,21498.004,0.029756249999999998,36.75,0.4375,0.25,2020-01-09,2022-09-11
44,Valencia,personal,14,6,4,4,14,2,1,11,0.42857143,0.2857143,0.2857143,283114.92,20222.494,0.03201428571428571,37.714285714285715,0.5,0.14285715,2020-06-26,2022-12-11
52,Venice,mortgage,15,4,6,5,15,1,2,12,0.26666668,0.4,0.33333334,382440.88000000006,25496.059,0.03102,40.8,0.46666667,0.06666667,2021-06-04,2022-04-07
83,Oslo,auto,16,6,6,4,16,2,3,11,0.375,0.375,0.25,344073.61000000004,21504.602,0.02680625,37.5,0.4375,0.1875,2020-08-28,2022-05-31
45,Vienna,mortgage,21,8,7,6,21,2,4,15,0.3809524,0.33333334,0.2857143,439337.36,20920.828,0.031647619047619056,40.0,0.33333334,0.0,2020-06-27,2022-10-07
34,Gothenburg,mortgage,22,13,1,8,22,2,10,10,0.59090906,0.045454547,0.36363637,587807.2600000001,26718.512,0.0292,36.0,0.36363637,0.22727273,2020-06-10,2022-10-26
87,Turin,mortgage,18,9,3,6,18,2,7,9,0.5,0.16666667,0.33333334,427330.18000000005,23740.566,0.02883333333333333,38.0,0.3888889,0.055555556,2020-03-16,2022-12-23
18,Muscat,mortgage,13,4,6,3,13,3,1,9,0.30769232,0.46153846,0.23076923,317186.79999999993,24398.986,0.032876923076923074,36.92307692307692,0.46153846,0.23076923,2020-07-28,2022-05-22
39,Almaty,auto,19,7,3,9,19,5,4,10,0.36842105,0.15789473,0.47368422,482827.6699999999,25411.982,0.029115789473684213,36.0,0.47368422,0.2631579,2020-05-23,2022-12-09
76,Dushanbe,personal,12,5,4,3,12,3,3,6,0.41666666,0.33333334,0.25,356431.68,29702.64,0.035274999999999994,34.0,0.25,0.16666667,2020-06-22,2022-05-12
92,Seoul,personal,16,4,8,4,16,4,4,8,0.25,0.5,0.25,448156.95999999996,28009.81,0.026693750000000002,44.25,0.625,0.125,2020-02-08,2021-12-09
11,Skopje,auto,12,4,3,5,12,2,3,7,0.33333334,0.25,0.41666666,357178.73,29764.893,0.026091666666666666,38.0,0.33333334,0.083333336,2020-10-01,2022-11-13
65,Yerevan,auto,26,11,7,8,26,3,3,20,0.42307693,0.26923078,0.30769232,672386.1499999999,25861.004,0.029434615384615385,31.846153846153847,0.26923078,0.1923077,2020-07-27,2022-09-03
70,Madrid,personal,11,3,2,6,11,1,2,8,0.27272728,0.18181819,0.54545456,240417.79,21856.164,0.02021818181818182,42.54545454545455,0.45454547,0.09090909,2020-06-21,2021-11-07
13,Bologna,auto,20,8,5,7,20,3,3,14,0.4,0.25,0.35,377214.75999999995,18860.738,0.023805,36.6,0.4,0.15,2020-12-22,2022-10-26
17,Basel,personal,19,9,5,5,19,3,3,13,0.47368422,0.2631579,0.2631579,412176.18,21693.484,0.025221052631578946,32.21052631578947,0.31578946,0.2631579,2020-02-29,2022-08-09
23,Warsaw,auto,20,7,7,6,20,2,3,15,0.35,0.35,0.3,526555.0599999999,26327.754,0.023115,37.8,0.5,0.2,2020-01-30,2022-09-10
99,Bangkok,personal,19,7,5,7,19,3,8,8,0.36842105,0.2631579,0.36842105,475990.2199999999,25052.117,0.03216315789473684,37.89473684210526,0.5263158,0.21052632,2020-05-16,2022-03-17
88,Tirana,personal,16,7,3,6,16,1,2,13,0.4375,0.1875,0.375,378256.61,23641.04,0.024681250000000002,38.25,0.5,0.25,2020-05-22,2022-11-19
22,Lisbon,auto,13,5,4,4,13,0,3,10,0.3846154,0.30769232,0.30769232,297479.17999999993,22883.014,0.022884615384615385,40.61538461538461,0.46153846,0.07692308,2020-07-21,2022-02-01
15,Zagreb,mortgage,17,7,7,3,17,1,2,14,0.4117647,0.4117647,0.1764706,449228.0800000001,26425.182,0.02667647058823529,40.94117647058823,0.47058824,0.05882353,2020-05-17,2022-02-19
57,Antwerp,auto,12,5,3,4,12,0,4,8,0.41666666,0.25,0.33333334,314262.07,26188.506,0.032225,34.0,0.41666666,0.25,2020-11-22,2022-08-21
56,Riga,auto,15,9,0,6,15,5,2,8,0.6,0.0,0.4,290088.92000000004,19339.26,0.031406666666666666,36.8,0.4,0.13333334,2020-03-05,2021-06-03
38,Stuttgart,personal,21,7,7,7,21,3,4,14,0.33333334,0.33333334,0.33333334,666617.3600000001,31743.684,0.025119047619047624,37.714285714285715,0.42857143,0.14285715,2020-04-29,2022-09-29
32,Geneva,personal,14,6,5,3,14,1,2,11,0.42857143,0.35714287,0.21428572,274638.50000000006,19617.035,0.025135714285714286,39.42857142857143,0.5,0.14285715,2020-01-06,2022-07-05
73,Lille,mortgage,18,9,4,5,18,1,5,12,0.5,0.22222222,0.2777778,442831.86999999994,24601.771,0.033722222222222216,34.666666666666664,0.2777778,0.16666667,2020-04-01,2022-09-02
37,Cape Town,auto,7,2,4,1,7,1,2,4,0.2857143,0.5714286,0.14285715,174428.18000000002,24918.312,0.023042857142857143,29.142857142857142,0.2857143,0.42857143,2020-07-27,2020-10-25
85,Casablanca,personal,15,2,6,7,15,1,5,9,0.13333334,0.4,0.46666667,463288.1400000001,30885.875,0.029786666666666663,40.0,0.53333336,0.2,2022-05-27,2022-07-04
42,Stockholm,personal,12,3,2,7,12,3,4,5,0.25,0.16666667,0.5833333,388379.83999999997,32364.986,0.02980833333333333,27.0,0.25,0.5,2020-03-25,2020-11-16
28,Zurich,personal,14,2,8,4,14,3,0,11,0.14285715,0.5714286,0.2857143,347115.00999999995,24793.928,0.04102857142857143,34.285714285714285,0.35714287,0.21428572,2021-08-26,2021-08-30
67,Kiev,personal,17,7,8,2,17,3,6,8,0.4117647,0.47058824,0.11764706,334009.9,19647.64,0.02102352941176471,31.764705882352942,0.3529412,0.29411766,2020-06-28,2022-06-18
47,The Hague,auto,14,5,5,4,14,2,3,9,0.35714287,0.35714287,0.2857143,420730.34,30052.168,0.025400000000000002,33.42857142857143,0.2857143,0.21428572,2020-04-08,2022-07-18
58,Ljubljana,mortgage,21,10,2,9,21,4,5,12,0.47619048,0.0952381,0.42857143,567331.89,27015.803,0.029461904761904762,34.857142857142854,0.2857143,0.14285715,2021-02-19,2022-12-29
40,Istanbul,mortgage,14,4,6,4,14,0,2,12,0.2857143,0.42857143,0.2857143,411370.43999999994,29383.604,0.027807142857142864,34.285714285714285,0.21428572,0.0,2020-02-17,2022-11-18
43,Krakow,mortgage,17,4,5,8,17,0,7,10,0.23529412,0.29411766,0.47058824,405437.5000000001,23849.266,0.041058823529411766,37.411764705882355,0.5294118,0.29411766,2020-10-03,2022-02-23
30,Budapest,auto,26,9,10,7,26,1,10,15,0.34615386,0.3846154,0.26923078,711975.8900000002,27383.688,0.029096153846153845,39.69230769230769,0.5,0.15384616,2020-07-08,2022-12-21
19,Sofia,mortgage,16,5,2,9,16,1,4,11,0.3125,0.125,0.5625,327407.91,20462.994,0.030093750000000006,30.75,0.1875,0.1875,2020-03-17,2021-10-29
55,Chicago,mortgage,18,8,6,4,18,3,1,14,0.44444445,0.33333334,0.22222222,415093.80000000005,23060.768,0.02883333333333334,31.333333333333332,0.33333334,0.3888889,2020-10-23,2022-09-15
41,Tallinn,mortgage,17,1,9,7,17,4,1,12,0.05882353,0.5294118,0.4117647,454394.74,26729.104,0.028564705882352943,30.352941176470587,0.23529412,0.23529412,2021-12-14,2021-12-14
6,Hamburg,personal,11,2,4,5,11,2,2,7,0.18181819,0.36363637,0.45454547,294658.14,26787.102,0.02879090909090909,42.54545454545455,0.6363636,0.0,2021-01-21,2022-12-29
46,Trondheim,personal,14,5,5,4,14,5,2,7,0.35714287,0.35714287,0.2857143,451028.34,32216.31,0.03047142857142857,27.428571428571427,0.21428572,0.42857143,2020-02-20,2022-09-26
60,Utrecht,mortgage,12,6,1,5,12,3,3,6,0.5,0.083333336,0.41666666,358105.29999999993,29842.11,0.040433333333333335,31.0,0.16666667,0.25,2020-05-14,2022-01-23
7,London,auto,14,3,4,7,14,2,4,8,0.21428572,0.2857143,0.5,356408.83,25457.775,0.028921428571428574,29.142857142857142,0.071428575,0.2857143,2021-07-31,2022-04-28
59,Melbourne,mortgage,20,6,10,4,20,3,2,15,0.3,0.5,0.2,548696.56,27434.828,0.03440000000000001,34.2,0.35,0.3,2020-12-12,2022-12-16
24,Cairo,auto,17,8,8,1,17,2,3,12,0.47058824,0.47058824,0.05882353,428179.57999999996,25187.035,0.03396470588235294,36.0,0.4117647,0.23529412,2020-01-28,2022-05-01
33,Ghent,mortgage,17,4,9,4,17,2,8,7,0.23529412,0.5294118,0.23529412,344476.73000000004,20263.336,0.03728823529411766,33.88235294117647,0.3529412,0.29411766,2020-10-21,2022-07-12
71,New York,auto,16,5,7,4,16,3,3,10,0.3125,0.4375,0.25,323884.36000000004,20242.773,0.028024999999999998,41.25,0.625,0.125,2020-04-13,2022-09-11
86,Sydney,mortgage,17,7,3,7,17,1,6,10,0.4117647,0.1764706,0.4117647,457238.7799999999,26896.398,0.03125882352941177,36.0,0.4117647,0.1764706,2020-12-05,2022-10-18
8,Sarajevo,mortgage,17,6,6,5,17,2,3,12,0.3529412,0.3529412,0.29411766,443208.61000000004,26071.096,0.029958823529411763,34.588235294117645,0.23529412,0.05882353,2020-07-31,2022-06-15
79,Nur-Sultan,auto,15,4,5,6,15,3,2,10,0.26666668,0.33333334,0.4,382323.98,25488.264,0.033299999999999996,40.8,0.6,0.2,2020-01-12,2022-06-25
74,Kuwait City,mortgage,22,6,7,9,22,3,8,11,0.27272728,0.3181818,0.4090909,617563.58,28071.07,0.030590909090909092,38.18181818181818,0.5,0.09090909,2020-01-13,2022-03-19
14,Marseille,mortgage,22,11,7,4,22,8,7,7,0.5,0.3181818,0.18181819,545489.2599999999,24794.967,0.023104545454545454,42.0,0.5,0.045454547,2020-02-07,2022-08-10
93,San Francisco,personal,17,4,11,2,17,5,2,10,0.23529412,0.64705884,0.11764706,481562.97,28327.234,0.03021176470588235,39.529411764705884,0.5882353,0.1764706,2020-02-14,2021-12-05
5,Bergen,personal,12,4,6,2,12,1,1,10,0.33333334,0.5,0.16666667,302729.17999999993,25227.432,0.034249999999999996,41.0,0.5833333,0.083333336,2020-07-17,2022-10-24
21,Helsinki,personal,15,6,4,5,15,2,5,8,0.4,0.26666668,0.33333334,346336.05,23089.07,0.027513333333333334,48.0,0.6,0.0,2020-02-08,2021-04-22
3,Manama,personal,13,3,3,7,13,1,4,8,0.23076923,0.23076923,0.53846157,225201.38,17323.184,0.03577692307692308,39.69230769230769,0.61538464,0.15384616,2020-04-07,2022-12-01
51,Johannesburg,personal,17,6,1,10,17,1,1,15,0.3529412,0.05882353,0.5882353,461934.05,27172.592,0.02302352941176471,36.705882352941174,0.5294118,0.1764706,2020-06-17,2021-11-29
68,Nice,mortgage,6,0,5,1,6,0,3,3,0.0,0.8333333,0.16666667,128211.41999999998,21368.57,0.02441666666666667,26.0,0.0,0.16666667,,
48,Rotterdam,auto,23,7,8,8,23,2,8,13,0.3043478,0.3478261,0.3478261,666250.56,28967.416,0.02837826086956521,37.56521739130435,0.26086956,0.04347826,2020-02-05,2022-03-28
98,Paris,mortgage,17,8,7,2,17,2,4,11,0.47058824,0.4117647,0.11764706,489542.29,28796.605,0.022823529411764704,36.705882352941174,0.29411766,0.05882353,2020-03-18,2022-09-02
95,Prague,auto,14,5,7,2,14,1,5,8,0.35714287,0.5,0.14285715,308696.75,22049.768,0.03065714285714286,32.57142857142857,0.2857143,0.21428572,2020-01-30,2022-08-29
50,Athens,auto,19,10,4,5,19,3,7,9,0.5263158,0.21052632,0.2631579,396024.08999999997,20843.373,0.03376315789473684,41.05263157894737,0.47368422,0.05263158,2020-01-14,2022-02-07
62,Toronto,personal,24,8,6,10,24,3,3,18,0.33333334,0.25,0.41666666,682314.89,28429.787,0.03096666666666667,35.0,0.45833334,0.29166666,2020-01-16,2022-09-17
81,Malmo,auto,16,4,4,8,16,4,2,10,0.25,0.25,0.5,395846.30000000005,24740.395,0.03290625,38.25,0.4375,0.0625,2020-05-26,2021-10-17
61,Brussels,auto,14,7,1,6,14,1,5,8,0.5,0.071428575,0.42857143,376457.59,26889.828,0.02820714285714285,38.57142857142857,0.5,0.21428572,2020-05-05,2022-09-01
35,Podgorica,auto,12,2,6,4,12,1,3,8,0.16666667,0.5,0.33333334,380005.1499999999,31667.096,0.033625,29.0,0.25,0.33333334,2020-12-17,2021-03-05
36,Naples,personal,15,8,4,3,15,2,1,12,0.53333336,0.26666668,0.2,390484.99000000005,26032.334,0.03218666666666667,39.2,0.6,0.26666668,2020-12-23,2022-12-11
54,Cologne,personal,8,2,4,2,8,0,3,5,0.25,0.5,0.25,289334.98,36166.87,0.0398375,37.5,0.5,0.25,2021-10-10,2022-08-13
25,Odessa,auto,25,13,5,7,25,0,6,19,0.52,0.2,0.28,506073.02,20242.922,0.026676000000000002,32.64,0.32,0.32,2020-02-18,2022-09-13
96,Reykjavik,auto,26,9,8,9,26,2,4,20,0.34615386,0.30769232,0.34615386,690868.2400000001,26571.855,0.03098461538461538,34.15384615384615,0.30769232,0.23076923,2020-02-24,2022-11-29
20,Vilnius,personal,28,7,13,8,28,2,8,18,0.25,0.4642857,0.2857143,742579.7800000003,26520.705,0.02900714285714285,39.0,0.5,0.071428575,2020-02-05,2022-05-04
65,Yerevan,mortgage,22,8,7,7,22,4,1,17,0.36363637,0.3181818,0.3181818,620810.83,28218.674,0.026481818181818183,40.90909090909091,0.54545456,0.09090909,2020-02-24,2022-12-08
22,Lisbon,mortgage,19,8,3,8,19,2,7,10,0.42105263,0.15789473,0.42105263,471464.23,24813.906,0.032521052631578944,37.89473684210526,0.36842105,0.05263158,2020-04-11,2022-04-25
37,Cape Town,mortgage,21,7,6,8,21,3,7,11,0.33333334,0.2857143,0.3809524,664607.37,31647.97,0.025704761904761907,31.428571428571427,0.2857143,0.23809524,2020-10-03,2022-12-28
26,Frankfurt,personal,17,6,5,6,17,0,3,14,0.3529412,0.29411766,0.3529412,534458.96,31438.762,0.029770588235294118,31.764705882352942,0.3529412,0.29411766,2021-06-09,2022-03-30
49,Singapore,mortgage,22,6,7,9,22,0,6,16,0.27272728,0.3181818,0.4090909,640186.5299999999,29099.387,0.023636363636363636,35.45454545454545,0.36363637,0.18181819,2020-01-04,2022-12-22
15,Zagreb,auto,20,6,6,8,20,2,8,10,0.3,0.3,0.4,523808.03,26190.402,0.037775,35.4,0.35,0.2,2020-01-30,2022-06-27
84,Bishkek,personal,18,7,3,8,18,0,4,14,0.3888889,0.16666667,0.44444445,528598.8200000001,29366.602,0.038099999999999995,35.333333333333336,0.3888889,0.22222222,2021-03-05,2022-03-18
82,Dublin,personal,15,6,6,3,15,2,4,9,0.4,0.4,0.2,256711.99,17114.133,0.02864666666666666,41.6,0.6,0.13333334,2020-04-15,2022-10-18
78,Belgrade,auto,29,11,8,10,29,6,6,17,0.37931034,0.27586207,0.3448276,688579.7599999998,23744.129,0.03499655172413792,32.689655172413794,0.3448276,0.31034482,2020-03-09,2022-06-13
11,Skopje,mortgage,17,4,6,7,17,2,4,11,0.23529412,0.3529412,0.4117647,462077.45,27181.025,0.029876470588235296,33.88235294117647,0.3529412,0.3529412,2020-06-08,2022-05-24
66,Hong Kong,auto,22,5,8,9,22,5,6,11,0.22727273,0.36363637,0.4090909,605543.6100000001,27524.71,0.030399999999999996,34.90909090909091,0.36363637,0.22727273,2020-08-18,2022-10-20
57,Antwerp,mortgage,18,4,12,2,18,2,4,12,0.22222222,0.6666667,0.11111111,362944.32000000007,20163.572,0.029522222222222227,36.0,0.44444445,0.16666667,2021-03-25,2022-10-24
52,Venice,auto,11,4,4,3,11,4,4,3,0.36363637,0.36363637,0.27272728,271241.20999999996,24658.293,0.026063636363636365,29.454545454545453,0.27272728,0.45454547,2020-01-30,2021-05-26
39,Almaty,mortgage,19,7,4,8,19,1,3,15,0.36842105,0.21052632,0.42105263,545258.52,28697.816,0.031705263157894736,32.8421052631579,0.31578946,0.21052632,2020-08-15,2022-12-06
58,Ljubljana,auto,20,5,4,11,20,4,3,13,0.25,0.2,0.55,477536.2700000001,23876.814,0.02468,38.4,0.5,0.15,2020-01-19,2022-09-18
23,Warsaw,mortgage,16,5,6,5,16,4,4,8,0.3125,0.375,0.3125,417369.66,26085.604,0.02204375,39.0,0.4375,0.0625,2021-01-16,2022-04-30
4,Amsterdam,mortgage,16,6,4,6,16,0,5,11,0.375,0.25,0.375,453291.87,28330.742,0.02733125,39.75,0.5,0.0625,2020-02-12,2022-06-15
87,Turin,auto,19,7,7,5,19,2,5,12,0.36842105,0.36842105,0.2631579,577159.0,30376.79,0.02681578947368421,34.10526315789474,0.42105263,0.2631579,2020-01-23,2022-12-07
16,Florence,personal,14,5,6,3,14,1,6,7,0.35714287,0.42857143,0.21428572,335885.11000000004,23991.795,0.029664285714285716,28.285714285714285,0.21428572,0.2857143,2020-05-15,2021-05-14
9,Los Angeles,personal,14,6,3,5,14,2,7,5,0.42857143,0.21428572,0.35714287,324732.45999999996,23195.176,0.03182142857142857,36.0,0.2857143,0.071428575,2020-03-21,2022-08-13
2,Porto,personal,15,6,6,3,15,1,3,11,0.4,0.4,0.2,306742.32,20449.488,0.03099333333333333,35.2,0.4,0.2,2021-05-24,2022-11-09
89,Rome,auto,16,5,6,5,16,5,1,10,0.3125,0.375,0.3125,419692.18,26230.762,0.025368749999999995,35.25,0.375,0.1875,2020-03-11,2022-04-27
56,Riga,mortgage,21,7,6,8,21,3,6,12,0.33333334,0.2857143,0.3809524,517915.3900000001,24662.637,0.025933333333333333,37.714285714285715,0.3809524,0.0952381,2020-03-23,2021-10-14
12,Berlin,auto,12,7,4,1,12,1,2,9,0.5833333,0.33333334,0.083333336,361457.67,30121.47,0.029658333333333328,31.0,0.16666667,0.083333336,2020-07-30,2022-11-25
34,Gothenburg,auto,14,5,6,3,14,0,6,8,0.35714287,0.42857143,0.21428572,381067.03,27219.074,0.03672142857142857,40.285714285714285,0.5,0.0,2020-02-10,2021-10-19
45,Vienna,auto,24,8,8,8,24,3,8,13,0.33333334,0.33333334,0.33333334,725504.0499999999,30229.336,0.027195833333333336,38.0,0.41666666,0.041666668,2021-05-30,2022-12-19
40,Istanbul,auto,10,3,2,5,10,0,3,7,0.3,0.2,0.5,311075.49,31107.55,0.028089999999999997,33.6,0.4,0.4,2021-02-15,2022-10-22
13,Bologna,mortgage,17,4,8,5,17,1,3,13,0.23529412,0.47058824,0.29411766,365017.1,21471.594,0.03363529411764706,26.823529411764707,0.1764706,0.3529412,2021-04-04,2021-11-20
53,Tokyo,personal,13,3,7,3,13,3,4,6,0.23076923,0.53846157,0.23076923,357456.71,27496.67,0.026223076923076922,36.92307692307692,0.46153846,0.07692308,2020-01-13,2022-05-01
47,The Hague,mortgage,15,6,5,4,15,4,1,10,0.4,0.33333334,0.26666668,439675.64,29311.709,0.02036666666666667,38.4,0.4,0.2,2020-03-25,2022-06-17
77,Copenhagen,auto,16,7,6,3,16,2,4,10,0.4375,0.375,0.1875,443682.63999999996,27730.164,0.02901875,36.75,0.5,0.3125,2020-01-06,2021-11-23
83,Oslo,mortgage,13,5,4,4,13,2,6,5,0.3846154,0.30769232,0.30769232,308367.17000000004,23720.55,0.02755384615384615,42.46153846153846,0.61538464,0.07692308,2020-01-28,2022-03-23
73,Lille,auto,19,6,6,7,19,4,5,10,0.31578946,0.31578946,0.36842105,449336.1999999999,23649.273,0.030915789473684212,39.78947368421053,0.5263158,0.10526316,2020-03-27,2022-02-17
18,Muscat,auto,8,4,3,1,8,1,0,7,0.5,0.375,0.125,166053.28,20756.66,0.026025000000000003,43.5,0.5,0.125,2020-03-27,2022-12-24
61,Brussels,mortgage,19,9,3,7,19,6,4,9,0.47368422,0.15789473,0.36842105,464781.1,24462.162,0.03311578947368421,35.36842105263158,0.42105263,0.2631579,2020-06-18,2022-10-19
29,Ashgabat,personal,16,6,5,5,16,3,2,11,0.375,0.3125,0.3125,378608.75,23663.047,0.033612500000000003,44.25,0.6875,0.125,2020-08-31,2022-08-29
59,Melbourne,auto,16,6,8,2,16,3,3,10,0.375,0.5,0.125,422455.99,26403.5,0.03215625,33.0,0.375,0.3125,2020-04-24,2022-12-23
95,Prague,mortgage,21,7,6,8,21,2,4,15,0.33333334,0.2857143,0.3809524,431780.47999999986,20560.975,0.026776190476190478,30.285714285714285,0.2857143,0.33333334,2020-05-15,2021-10-31
79,Nur-Sultan,mortgage,11,7,3,1,11,0,4,7,0.6363636,0.27272728,0.09090909,317955.91000000003,28905.082,0.034609090909090916,32.72727272727273,0.27272728,0.09090909,2020-03-01,2022-03-04
24,Cairo,mortgage,12,2,5,5,12,1,2,9,0.16666667,0.41666666,0.41666666,264526.92,22043.908,0.024483333333333333,40.0,0.6666667,0.16666667,2020-01-15,2020-09-21
75,Milan,personal,25,7,9,9,25,2,7,16,0.28,0.36,0.36,595191.2499999999,23807.65,0.033024000000000005,35.52,0.4,0.2,2020-03-14,2022-08-20
31,Barcelona,personal,25,9,12,4,25,4,11,10,0.36,0.48,0.16,601163.9399999998,24046.557,0.023848,39.84,0.48,0.12,2020-03-02,2022-10-13
1,Lyon,personal,36,15,11,10,36,4,12,20,0.41666666,0.30555555,0.2777778,840951.76,23359.771,0.03487222222222222,36.333333333333336,0.41666666,0.25,2020-02-28,2022-12-29
33,Ghent,auto,13,2,6,5,13,4,3,6,0.15384616,0.46153846,0.3846154,371022.23999999993,28540.174,0.03173846153846154,29.53846153846154,0.23076923,0.07692308,2020-11-25,2022-11-01
94,Munich,personal,16,6,6,4,16,3,4,9,0.375,0.375,0.25,517323.3600000001,32332.71,0.0327,38.25,0.375,0.125,2021-06-12,2022-08-18
69,Doha,personal,10,4,3,3,10,2,2,6,0.4,0.3,0.3,224692.59,22469.26,0.023000000000000003,32.4,0.4,0.4,2020-08-18,2022-05-03
48,Rotterdam,mortgage,15,8,3,4,15,3,6,6,0.53333336,0.2,0.26666668,434997.86,28999.857,0.032286666666666665,38.4,0.46666667,0.06666667,2020-02-13,2022-02-05
60,Utrecht,auto,9,3,4,2,9,1,0,8,0.33333334,0.44444445,0.22222222,205099.05,22788.783,0.036000000000000004,33.333333333333336,0.44444445,0.33333334,2020-08-23,2021-11-17
86,Sydney,auto,16,6,6,4,16,4,6,6,0.375,0.375,0.25,520284.45999999985,32517.78,0.03264375,32.25,0.25,0.1875,2020-07-21,2022-12-20
19,Sofia,auto,13,6,4,3,13,2,2,9,0.46153846,0.30769232,0.23076923,364655.43999999994,28050.418,0.0359,30.46153846153846,0.30769232,0.3846154,2020-05-15,2022-12-23
35,Podgorica,mortgage,17,11,3,3,17,1,5,11,0.64705884,0.1764706,0.1764706,424172.94000000006,24951.35,0.02977058823529411,35.294117647058826,0.4117647,0.23529412,2020-03-23,2022-11-22
30,Budapest,mortgage,14,0,4,10,14,2,1,11,0.0,0.2857143,0.71428573,386039.78,27574.27,0.03005,31.714285714285715,0.2857143,0.2857143,,
74,Kuwait City,auto,22,10,5,7,22,2,5,15,0.45454547,0.22727273,0.3181818,566902.64,25768.3,0.030581818181818186,33.81818181818182,0.36363637,0.3181818,2020-10-14,2022-09-11
14,Marseille,auto,12,2,6,4,12,0,3,9,0.16666667,0.5,0.33333334,374693.23,31224.436,0.023841666666666667,36.0,0.41666666,0.16666667,2020-03-25,2022-03-26
71,New York,mortgage,22,10,6,6,22,5,2,15,0.45454547,0.27272728,0.27272728,591347.86,26879.45,0.03314545454545455,37.63636363636363,0.5,0.27272728,2020-03-31,2022-08-04
68,Nice,auto,14,8,4,2,14,2,5,7,0.5714286,0.2857143,0.14285715,325258.56,23232.754,0.030671428571428568,48.0,0.85714287,0.071428575,2020-03-06,2022-12-26
7,London,mortgage,12,6,4,2,12,3,4,5,0.5,0.33333334,0.16666667,293848.72000000003,24487.393,0.038225,29.0,0.16666667,0.33333334,2021-01-26,2022-09-12
64,Luxembourg,personal,12,4,3,5,12,2,2,8,0.33333334,0.25,0.41666666,255161.16999999998,21263.432,0.030258333333333335,32.0,0.33333334,0.33333334,2020-01-12,2021-09-25
10,Chisinau,personal,16,4,9,3,16,6,5,5,0.25,0.5625,0.1875,375811.51000000007,23488.219,0.031287499999999996,41.25,0.625,0.25,2021-01-07,2022-07-20
50,Athens,mortgage,14,4,5,5,14,2,5,7,0.2857143,0.35714287,0.35714287,287913.69,20565.264,0.031249999999999993,34.285714285714285,0.5,0.35714287,2020-02-05,2022-04-26
98,Paris,auto,20,6,7,7,20,1,4,15,0.3,0.35,0.35,533691.8099999999,26684.59,0.028845000000000003,36.6,0.4,0.15,2020-03-17,2022-12-17
41,Tallinn,auto,12,4,3,5,12,1,6,5,0.33333334,0.25,0.41666666,324097.12,27008.094,0.037491666666666666,34.0,0.33333334,0.16666667,2020-05-02,2022-05-07
43,Krakow,auto,17,9,4,4,17,3,5,9,0.5294118,0.23529412,0.23529412,311043.4000000001,18296.672,0.027982352941176465,33.1764705882353,0.3529412,0.29411766,2020-01-08,2022-10-01
80,Bucharest,personal,16,7,3,6,16,4,0,12,0.4375,0.1875,0.375,431823.17000000004,26988.947,0.027981249999999996,36.75,0.5,0.3125,2020-01-05,2022-09-25
97,Riyadh,personal,23,8,6,9,23,7,5,11,0.3478261,0.26086956,0.39130434,490286.81,21316.818,0.027308695652173913,36.52173913043478,0.39130434,0.2173913,2020-03-29,2022-10-10
8,Sarajevo,auto,13,4,5,4,13,1,7,5,0.30769232,0.3846154,0.30769232,345186.33,26552.795,0.03203076923076924,29.53846153846154,0.30769232,0.30769232,2020-03-01,2022-10-20
63,Dubai,personal,16,4,7,5,16,2,4,10,0.25,0.4375,0.3125,420068.87000000005,26254.305,0.03264375,42.0,0.5625,0.0625,2020-10-29,2021-08-10
81,Malmo,mortgage,16,5,5,6,16,2,3,11,0.3125,0.3125,0.375,313799.06999999995,19612.441,0.03798125,30.75,0.375,0.25,2020-07-20,2022-08-29
55,Chicago,auto,17,9,3,5,17,5,1,11,0.5294118,0.1764706,0.29411766,489693.85000000003,28805.52,0.027405882352941176,39.529411764705884,0.47058824,0.11764706,2020-02-21,2022-12-22
82,Dublin,auto,19,7,5,7,19,3,2,14,0.36842105,0.2631579,0.36842105,539654.75,28402.88,0.027510526315789475,44.21052631578947,0.6315789,0.10526316,2020-04-24,2022-04-01
34,Gothenburg,personal,23,7,8,8,23,9,4,10,0.3043478,0.3478261,0.3478261,649323.4700000001,28231.457,0.02911304347826087,34.43478260869565,0.39130434,0.17391305,2020-05-03,2022-11-09
78,Belgrade,personal,19,8,7,4,19,5,1,13,0.42105263,0.36842105,0.21052632,484208.74,25484.672,0.03318421052631579,33.473684210526315,0.36842105,0.2631579,2020-01-02,2022-10-02
84,Bishkek,auto,17,9,1,7,17,4,4,9,0.5294118,0.05882353,0.4117647,464149.83,27302.932,0.03313529411764707,40.94117647058823,0.47058824,0.11764706,2020-08-16,2022-11-18
18,Muscat,personal,17,8,1,8,17,4,5,8,0.47058824,0.05882353,0.47058824,453436.18,26672.717,0.029911764705882356,35.294117647058826,0.4117647,0.1764706,2020-09-13,2022-11-11
32,Geneva,mortgage,20,7,6,7,20,0,1,19,0.35,0.3,0.35,494117.13999999996,24705.855,0.032834999999999996,36.0,0.4,0.15,2020-02-22,2022-05-23
99,Bangkok,mortgage,15,4,3,8,15,3,6,6,0.26666668,0.2,0.53333336,429162.09,28610.807,0.02764,39.2,0.53333336,0.06666667,2020-01-20,2021-11-25
45,Vienna,personal,21,6,7,8,21,4,2,15,0.2857143,0.33333334,0.3809524,572528.32,27263.254,0.025047619047619044,34.857142857142854,0.42857143,0.23809524,2020-08-07,2022-05-08
58,Ljubljana,personal,21,8,8,5,21,0,4,17,0.3809524,0.3809524,0.23809524,592763.11,28226.816,0.030747619047619055,30.857142857142858,0.23809524,0.33333334,2020-06-02,2022-04-01
72,Jeddah,mortgage,21,6,8,7,21,5,3,13,0.2857143,0.3809524,0.33333334,591272.6799999999,28155.842,0.02356666666666667,30.857142857142858,0.23809524,0.23809524,2020-01-27,2022-08-18
90,Bratislava,mortgage,17,8,4,5,17,1,5,11,0.47058824,0.23529412,0.29411766,396179.98000000004,23304.703,0.0367,38.11764705882353,0.47058824,0.1764706,2020-03-06,2022-11-11
88,Tirana,mortgage,21,7,5,9,21,2,5,14,0.33333334,0.23809524,0.42857143,627930.2100000001,29901.438,0.027642857142857143,40.0,0.52380955,0.1904762,2020-02-10,2022-12-25
77,Copenhagen,personal,14,4,7,3,14,3,4,7,0.2857143,0.5,0.21428572,427362.78,30525.912,0.03387857142857143,38.57142857142857,0.2857143,0.0,2020-07-13,2022-07-26
76,Dushanbe,mortgage,10,3,4,3,10,1,3,6,0.3,0.4,0.3,337827.88,33782.79,0.025679999999999998,36.0,0.4,0.2,2020-07-15,2022-10-29
87,Turin,personal,9,4,3,2,9,2,1,6,0.44444445,0.33333334,0.22222222,217235.06000000003,24137.229,0.0276,38.666666666666664,0.44444445,0.33333334,2021-03-28,2022-11-24
53,Tokyo,auto,19,5,6,8,19,1,8,10,0.2631579,0.31578946,0.42105263,389770.70999999996,20514.248,0.023605263157894737,30.94736842105263,0.31578946,0.31578946,2021-06-02,2022-08-31
12,Berlin,personal,22,5,10,7,22,2,7,13,0.22727273,0.45454547,0.3181818,588969.5399999999,26771.344,0.03434090909090909,39.81818181818182,0.54545456,0.18181819,2020-04-11,2022-09-30
92,Seoul,mortgage,22,8,7,7,22,3,8,11,0.36363637,0.3181818,0.3181818,490671.53,22303.252,0.019427272727272727,37.63636363636363,0.45454547,0.22727273,2020-04-14,2022-06-28
25,Odessa,personal,14,5,5,4,14,2,2,10,0.35714287,0.35714287,0.2857143,356697.67,25478.404,0.029707142857142856,35.142857142857146,0.2857143,0.14285715,2020-02-24,2022-01-01
15,Zagreb,personal,21,4,9,8,21,3,4,14,0.1904762,0.42857143,0.3809524,440785.79000000004,20989.799,0.0288047619047619,30.857142857142858,0.23809524,0.23809524,2020-03-14,2022-04-14
89,Rome,personal,17,5,6,6,17,2,5,10,0.29411766,0.3529412,0.3529412,440376.49999999994,25904.5,0.03875294117647059,36.0,0.47058824,0.1764706,2021-05-21,2022-09-02
85,Casablanca,mortgage,25,9,8,8,25,4,8,13,0.36,0.32,0.32,715937.1399999999,28637.484,0.030507999999999997,39.84,0.56,0.12,2020-01-08,2022-01-27
38,Stuttgart,mortgage,21,5,8,8,21,2,9,10,0.23809524,0.3809524,0.3809524,541856.7999999999,25802.705,0.026038095238095242,35.42857142857143,0.42857143,0.1904762,2020-02-01,2022-08-26
42,Stockholm,mortgage,13,5,2,6,13,2,4,7,0.3846154,0.15384616,0.46153846,245065.78,18851.215,0.036684615384615385,35.07692307692308,0.3846154,0.23076923,2020-05-17,2022-09-08
2,Porto,auto,15,2,5,8,15,1,7,7,0.13333334,0.33333334,0.53333336,376941.84,25129.457,0.02552,40.0,0.46666667,0.13333334,2020-04-02,2022-03-11
17,Basel,mortgage,13,5,2,6,13,2,8,3,0.3846154,0.15384616,0.46153846,258035.89,19848.914,0.03826153846153846,45.23076923076923,0.61538464,0.15384616,2020-05-08,2022-11-12
70,Madrid,mortgage,14,2,6,6,14,1,3,10,0.14285715,0.42857143,0.42857143,388947.41000000003,27781.957,0.03257857142857143,35.142857142857146,0.2857143,0.14285715,2020-06-06,2021-01-24
16,Florence,auto,14,4,4,6,14,3,3,8,0.2857143,0.2857143,0.42857143,420315.94,30022.566,0.03415,36.0,0.35714287,0.2857143,2020-08-21,2021-02-16
73,Lille,personal,18,5,6,7,18,2,4,12,0.2777778,0.33333334,0.3888889,510744.57999999996,28374.7,0.040711111111111115,34.0,0.33333334,0.16666667,2020-02-22,2022-11-24
26,Frankfurt,auto,22,5,5,12,22,3,4,15,0.22727273,0.22727273,0.54545456,600530.15,27296.824,0.025149999999999995,38.72727272727273,0.54545456,0.22727273,2020-02-25,2022-05-16
28,Zurich,mortgage,14,5,5,4,14,2,2,10,0.35714287,0.35714287,0.2857143,305094.54,21792.467,0.026328571428571423,36.857142857142854,0.42857143,0.2857143,2020-02-29,2022-08-20
27,Baku,mortgage,20,8,6,6,20,1,2,17,0.4,0.3,0.3,445741.23999999993,22287.062,0.029465,44.4,0.55,0.05,2020-04-17,2022-09-21
66,Hong Kong,personal,9,2,3,4,9,1,2,6,0.22222222,0.33333334,0.44444445,205416.97999999995,22824.11,0.017,37.333333333333336,0.44444445,0.22222222,2021-10-07,2022-05-07
44,Valencia,mortgage,17,9,3,5,17,2,4,11,0.5294118,0.1764706,0.29411766,360634.41000000003,21213.79,0.028452941176470594,42.35294117647059,0.5882353,0.05882353,2021-03-01,2022-12-27
52,Venice,personal,11,3,5,3,11,1,5,5,0.27272728,0.45454547,0.27272728,329017.86000000004,29910.717,0.03485454545454546,38.18181818181818,0.54545456,0.27272728,2020-01-03,2022-07-01
96,Reykjavik,personal,18,4,7,7,18,3,4,11,0.22222222,0.3888889,0.3888889,560267.5199999999,31125.973,0.03258888888888888,44.0,0.6666667,0.055555556,2022-01-24,2022-08-27
40,Istanbul,personal,7,1,4,2,7,1,1,5,0.14285715,0.5714286,0.2857143,205774.78000000003,29396.396,0.02674285714285714,36.0,0.42857143,0.2857143,2021-10-26,2021-10-26
20,Vilnius,auto,11,1,3,7,11,1,5,5,0.09090909,0.27272728,0.6363636,247545.73,22504.158,0.028981818181818178,36.0,0.45454547,0.27272728,2022-11-30,2022-11-30
9,Los Angeles,auto,14,4,3,7,14,3,0,11,0.2857143,0.21428572,0.5,343839.48,24559.963,0.03202857142857143,37.714285714285715,0.5,0.14285715,2020-03-25,2022-08-01
67,Kiev,mortgage,16,6,6,4,16,7,4,5,0.375,0.375,0.25,317355.95,19834.746,0.03705625,44.25,0.5625,0.0625,2021-05-07,2022-08-05
91,Tashkent,mortgage,11,3,3,5,11,4,1,6,0.27272728,0.27272728,0.45454547,303270.19,27570.018,0.029672727272727274,27.272727272727273,0.09090909,0.36363637,2020-06-03,2022-08-11
9,Los Angeles,mortgage,26,11,5,10,26,6,7,13,0.42307693,0.1923077,0.3846154,633858.35,24379.168,0.02890384615384615,36.92307692307692,0.46153846,0.1923077,2020-07-31,2022-07-14
20,Vilnius,mortgage,18,5,2,11,18,2,3,13,0.2777778,0.11111111,0.6111111,505998.63,28111.035,0.03577222222222221,36.0,0.33333334,0.16666667,2020-03-07,2022-11-22
56,Riga,personal,22,7,7,8,22,2,8,12,0.3181818,0.3181818,0.36363637,704858.57,32039.025,0.03399545454545455,30.545454545454547,0.22727273,0.3181818,2020-01-02,2022-09-05
2,Porto,mortgage,10,3,4,3,10,1,2,7,0.3,0.4,0.3,290709.27,29070.928,0.033530000000000004,33.6,0.3,0.1,2020-12-02,2021-12-31
23,Warsaw,personal,19,6,10,3,19,3,0,16,0.31578946,0.5263158,0.15789473,394041.31000000006,20739.016,0.028799999999999996,37.89473684210526,0.5263158,0.15789473,2020-03-21,2022-12-24
70,Madrid,auto,16,7,5,4,16,4,3,9,0.4375,0.3125,0.25,314460.56,19653.785,0.030468749999999996,45.0,0.6875,0.0625,2020-03-01,2022-11-22
76,Dushanbe,auto,18,7,4,7,18,2,8,8,0.3888889,0.22222222,0.3888889,467920.10000000003,25995.56,0.028088888888888885,32.0,0.22222222,0.22222222,2020-02-12,2022-11-29
72,Jeddah,auto,16,8,4,4,16,2,1,13,0.5,0.25,0.25,331099.84,20693.74,0.02165,32.25,0.1875,0.125,2020-02-18,2022-10-30
49,Singapore,personal,16,6,8,2,16,2,2,12,0.375,0.5,0.125,425211.24,26575.703,0.03188125,33.75,0.1875,0.125,2020-08-09,2022-07-23
84,Bishkek,mortgage,21,8,6,7,21,4,9,8,0.3809524,0.2857143,0.33333334,433744.87000000005,20654.518,0.027771428571428575,32.0,0.42857143,0.33333334,2020-01-13,2022-12-11
11,Skopje,personal,12,5,4,3,12,2,0,10,0.41666666,0.33333334,0.25,386694.01,32224.5,0.033124999999999995,48.0,0.6666667,0.0,2020-03-16,2021-09-12
37,Cape Town,personal,24,8,9,7,24,2,9,13,0.33333334,0.375,0.29166666,825628.0,34401.168,0.034437499999999996,38.0,0.41666666,0.16666667,2020-07-06,2022-10-08
39,Almaty,personal,15,5,6,4,15,1,3,11,0.33333334,0.4,0.26666668,386183.6499999999,25745.576,0.0321,27.2,0.2,0.46666667,2020-12-18,2022-07-05
47,The Hague,personal,26,15,8,3,26,2,3,21,0.5769231,0.30769232,0.115384616,598020.71,23000.795,0.02826923076923077,36.0,0.42307693,0.23076923,2020-05-04,2022-08-13
38,Stuttgart,auto,15,5,6,4,15,3,6,6,0.33333334,0.4,0.26666668,387579.08,25838.605,0.03197333333333333,34.4,0.26666668,0.2,2020-11-12,2022-12-23
42,Stockholm,auto,16,6,5,5,16,1,5,10,0.375,0.3125,0.3125,487065.14,30441.57,0.02640625,45.0,0.625,0.0625,2020-03-04,2022-10-10
53,Tokyo,mortgage,16,1,7,8,16,3,6,7,0.0625,0.4375,0.5,366904.25000000006,22931.516,0.03145,39.0,0.4375,0.0,2021-09-27,2021-09-27
88,Tirana,auto,22,9,6,7,22,2,6,14,0.4090909,0.27272728,0.3181818,593226.9400000001,26964.861,0.037486363636363644,32.72727272727273,0.18181819,0.13636364,2020-08-07,2022-10-31
27,Baku,auto,19,6,9,4,19,4,4,11,0.31578946,0.47368422,0.21052632,509384.49,26809.71,0.02843684210526316,37.26315789473684,0.47368422,0.21052632,2020-02-18,2022-12-09
83,Oslo,personal,18,5,7,6,18,6,6,6,0.2777778,0.3888889,0.33333334,451946.54,25108.14,0.02983888888888889,41.333333333333336,0.5555556,0.11111111,2020-06-07,2022-08-02
90,Bratislava,auto,21,6,6,9,21,6,4,11,0.2857143,0.2857143,0.42857143,593895.15,28280.72,0.03424761904761904,40.57142857142857,0.47619048,0.0952381,2020-03-07,2022-08-16
67,Kiev,auto,21,6,10,5,21,1,4,16,0.2857143,0.47619048,0.23809524,518287.01,24680.334,0.026842857142857147,40.0,0.47619048,0.04761905,2020-10-13,2022-10-11
85,Casablanca,auto,16,6,6,4,16,2,5,9,0.375,0.375,0.25,398814.97,24925.936,0.028162500000000004,42.0,0.5625,0.25,2020-09-28,2022-09-22
28,Zurich,auto,16,4,6,6,16,1,3,12,0.25,0.375,0.375,332094.1,20755.88,0.03083125,30.75,0.25,0.1875,2020-02-07,2022-11-28
91,Tashkent,auto,13,2,6,5,13,2,3,8,0.15384616,0.46153846,0.3846154,329874.9799999999,25374.998,0.026715384615384606,38.76923076923077,0.53846157,0.07692308,2020-11-25,2022-11-19
32,Geneva,auto,25,5,8,12,25,4,10,11,0.2,0.32,0.48,677256.64,27090.266,0.028440000000000003,39.36,0.48,0.16,2020-10-08,2022-07-25
44,Valencia,auto,18,6,5,7,18,1,2,15,0.33333334,0.2777778,0.3888889,457053.76,25391.875,0.030000000000000002,38.666666666666664,0.33333334,0.055555556,2020-05-10,2022-04-30
4,Amsterdam,personal,18,3,7,8,18,4,4,10,0.16666667,0.3888889,0.44444445,486952.16000000003,27052.898,0.02825555555555555,32.666666666666664,0.33333334,0.22222222,2020-10-09,2021-07-23
99,Bangkok,auto,18,4,7,7,18,1,4,13,0.22222222,0.3888889,0.3888889,325251.0300000001,18069.502,0.031372222222222225,32.666666666666664,0.33333334,0.33333334,2021-08-19,2022-12-24
26,Frankfurt,mortgage,18,4,7,7,18,5,1,12,0.22222222,0.3888889,0.3888889,585267.46,32514.857,0.03291666666666668,36.666666666666664,0.3888889,0.16666667,2020-03-23,2022-02-21
65,Yerevan,personal,13,10,2,1,13,4,2,7,0.7692308,0.15384616,0.07692308,402866.58,30989.738,0.023738461538461538,32.30769230769231,0.30769232,0.30769232,2020-02-05,2022-09-03
57,Antwerp,personal,19,7,6,6,19,3,8,8,0.36842105,0.31578946,0.31578946,539046.94,28370.89,0.03269473684210527,36.0,0.36842105,0.10526316,2020-03-27,2022-12-12
17,Basel,auto,17,3,5,9,17,3,1,13,0.1764706,0.29411766,0.5294118,447736.9000000001,26337.465,0.028647058823529414,39.529411764705884,0.5294118,0.11764706,2020-02-13,2021-05-28
13,Bologna,personal,9,5,4,0,9,1,3,5,0.5555556,0.44444445,0.0,260163.04,28907.006,0.03393333333333333,36.0,0.33333334,0.22222222,2020-01-09,2022-09-26
92,Seoul,auto,23,8,11,4,23,5,8,10,0.3478261,0.47826087,0.17391305,593557.78,25806.86,0.027639130434782607,43.82608695652174,0.5652174,0.13043478,2020-06-10,2022-01-08
22,Lisbon,personal,15,2,4,9,15,1,7,7,0.13333334,0.26666668,0.6,382267.3999999999,25484.494,0.032006666666666676,45.6,0.6666667,0.13333334,2021-02-19,2021-06-09
82,Dublin,mortgage,15,5,4,6,15,2,6,7,0.33333334,0.26666668,0.4,313820.8400000001,20921.389,0.03404666666666667,37.6,0.46666667,0.2,2020-10-06,2022-03-20
16,Florence,mortgage,8,7,1,0,8,1,3,4,0.875,0.125,0.0,223764.6,27970.574,0.020425000000000002,36.0,0.375,0.0,2020-01-25,2022-11-05
63,Dubai,auto,16,7,4,5,16,2,4,10,0.4375,0.25,0.3125,384794.42999999993,24049.652,0.0239375,39.0,0.5,0.25,2020-03-01,2022-12-24
41,Tallinn,personal,20,10,6,4,20,4,6,10,0.5,0.3,0.2,524016.63999999996,26200.832,0.030724999999999995,37.8,0.45,0.2,2020-02-08,2022-08-31
21,Helsinki,mortgage,15,6,4,5,15,3,4,8,0.4,0.26666668,0.33333334,466656.01,31110.4,0.028579999999999998,30.4,0.33333334,0.33333334,2020-01-25,2022-10-03
94,Munich,auto,16,7,6,3,16,2,5,9,0.4375,0.375,0.1875,453393.4399999999,28337.09,0.03798125,48.0,0.6875,0.0,2020-04-16,2022-07-22
5,Bergen,mortgage,17,4,3,10,17,2,5,10,0.23529412,0.1764706,0.5882353,462294.31000000006,27193.783,0.03051764705882353,32.470588235294116,0.3529412,0.1764706,2020-02-09,2022-03-09
69,Doha,auto,9,3,4,2,9,1,3,5,0.33333334,0.44444445,0.22222222,222374.08000000002,24708.23,0.02484444444444444,37.333333333333336,0.44444445,0.11111111,2020-07-21,2021-07-08
97,Riyadh,auto,18,6,8,4,18,6,7,5,0.33333334,0.44444445,0.22222222,507246.1799999999,28180.344,0.032327777777777775,41.333333333333336,0.5,0.055555556,2020-05-01,2022-12-25
54,Cologne,mortgage,13,0,7,6,13,4,1,8,0.0,0.53846157,0.46153846,340375.07,26182.697,0.02526923076923077,37.84615384615385,0.3846154,0.15384616,,
93,San Francisco,mortgage,15,4,4,7,15,2,5,8,0.26666668,0.26666668,0.46666667,429900.5,28660.033,0.040853333333333325,35.2,0.33333334,0.2,2021-05-14,2022-12-14
59,Melbourne,personal,11,3,4,4,11,2,3,6,0.27272728,0.36363637,0.36363637,228860.00000000003,20805.455,0.028972727272727275,30.545454545454547,0.27272728,0.27272728,2020-06-25,2022-05-23
29,Ashgabat,auto,16,4,5,7,16,4,4,8,0.25,0.3125,0.4375,392646.13,24540.383,0.026062500000000002,35.25,0.3125,0.1875,2020-03-09,2022-09-09
8,Sarajevo,personal,15,3,5,7,15,3,4,8,0.2,0.33333334,0.46666667,327195.12,21813.008,0.0247,41.6,0.6,0.13333334,2020-07-06,2022-12-25
43,Krakow,personal,17,7,7,3,17,2,6,9,0.4117647,0.4117647,0.1764706,359867.09,21168.652,0.0342764705882353,38.8235294117647,0.5882353,0.23529412,2020-04-20,2022-05-30
51,Johannesburg,mortgage,21,8,6,7,21,2,2,17,0.3809524,0.2857143,0.33333334,525450.9199999999,25021.473,0.03011428571428572,35.42857142857143,0.3809524,0.1904762,2020-08-14,2022-11-12
36,Naples,mortgage,22,11,6,5,22,4,6,12,0.5,0.27272728,0.22727273,483831.31,21992.332,0.03361363636363636,40.90909090909091,0.45454547,0.09090909,2020-02-08,2022-07-22
68,Nice,personal,20,7,5,8,20,0,6,14,0.35,0.25,0.4,380737.1,19036.855,0.025460000000000003,24.0,0.1,0.35,2021-04-29,2021-12-21
86,Sydney,personal,21,8,7,6,21,2,3,16,0.3809524,0.33333334,0.2857143,473465.01999999996,22545.953,0.030714285714285715,35.42857142857143,0.33333334,0.14285715,2021-03-31,2022-12-31
55,Chicago,personal,19,5,6,8,19,2,6,11,0.2631579,0.31578946,0.42105263,540185.63,28430.822,0.029005263157894732,39.1578947368421,0.47368422,0.10526316,2020-09-25,2022-08-03
80,Bucharest,auto,13,3,2,8,13,2,1,10,0.23076923,0.15384616,0.61538464,410832.54999999993,31602.504,0.03672307692307693,36.92307692307692,0.3846154,0.15384616,2021-06-17,2021-10-09
60,Utrecht,personal,16,1,12,3,16,1,7,8,0.0625,0.75,0.1875,410893.79000000004,25680.861,0.022637499999999998,35.25,0.3125,0.25,2020-01-28,2020-01-28
19,Sofia,personal,16,3,6,7,16,5,4,7,0.1875,0.375,0.4375,425960.68000000005,26622.543,0.030718749999999996,33.0,0.25,0.1875,2020-06-02,2020-10-18
14,Marseille,personal,14,6,3,5,14,0,3,11,0.42857143,0.21428572,0.35714287,330968.81000000006,23640.629,0.027021428571428568,28.285714285714285,0.2857143,0.35714287,2020-01-31,2021-09-13
75,Milan,auto,16,4,7,5,16,3,6,7,0.25,0.4375,0.3125,380329.61,23770.602,0.029750000000000002,40.5,0.625,0.1875,2020-01-05,2022-01-29
33,Ghent,personal,23,6,10,7,23,5,9,9,0.26086956,0.4347826,0.3043478,614550.6900000001,26719.596,0.02926956521739131,42.26086956521739,0.6086956,0.17391305,2020-03-04,2022-12-05
1,Lyon,auto,15,6,4,5,15,3,1,11,0.4,0.26666668,0.33333334,347592.12,23172.809,0.02862666666666667,41.6,0.6,0.06666667,2020-02-15,2022-07-16
10,Chisinau,auto,13,1,5,7,13,1,2,10,0.07692308,0.3846154,0.53846157,334221.83999999997,25709.373,0.031100000000000003,33.23076923076923,0.15384616,0.15384616,2020-04-12,2020-04-12
74,Kuwait City,personal,15,5,5,5,15,3,2,10,0.33333334,0.33333334,0.33333334,326398.29000000004,21759.885,0.03755333333333333,37.6,0.46666667,0.2,2020-03-21,2022-11-04
64,Luxembourg,auto,10,4,2,4,10,0,5,5,0.4,0.2,0.4,248301.84999999998,24830.184,0.030779999999999995,32.4,0.2,0.1,2020-01-19,2022-03-03
31,Barcelona,auto,19,6,4,9,19,2,9,8,0.31578946,0.21052632,0.47368422,438124.44,23059.182,0.0330578947368421,39.78947368421053,0.47368422,0.15789473,2020-02-22,2022-09-12
6,Hamburg,mortgage,19,4,10,5,19,3,5,11,0.21052632,0.5263158,0.2631579,359550.59,18923.715,0.025057894736842102,30.94736842105263,0.31578946,0.21052632,2020-03-19,2022-01-04
46,Trondheim,mortgage,16,3,6,7,16,3,4,9,0.1875,0.375,0.4375,340715.04000000004,21294.69,0.03093125,36.0,0.5,0.3125,2020-08-07,2022-10-02
62,Toronto,mortgage,17,6,6,5,17,4,2,11,0.3529412,0.3529412,0.29411766,494029.3799999999,29060.55,0.02676470588235294,33.88235294117647,0.29411766,0.11764706,2020-12-08,2022-11-25
98,Paris,personal,14,2,4,8,14,3,4,7,0.14285715,0.2857143,0.5714286,355781.33,25412.953,0.037257142857142864,36.0,0.5,0.35714287,2020-05-20,2021-11-25
3,Manama,mortgage,19,5,10,4,19,2,7,10,0.2631579,0.5263158,0.21052632,331782.94,17462.26,0.04080526315789474,41.05263157894737,0.57894737,0.10526316,2021-04-25,2022-12-26
31,Barcelona,mortgage,15,10,3,2,15,4,2,9,0.6666667,0.2,0.13333334,513841.72000000003,34256.113,0.0311,45.6,0.6,0.0,2020-08-13,2022-12-08
36,Naples,auto,13,6,4,3,13,1,4,8,0.46153846,0.30769232,0.23076923,280476.64,21575.125,0.03734615384615385,39.69230769230769,0.6923077,0.23076923,2021-03-31,2022-06-28
29,Ashgabat,mortgage,27,9,12,6,27,3,7,17,0.33333334,0.44444445,0.22222222,679658.9,25172.55,0.033574074074074076,42.666666666666664,0.5555556,0.11111111,2020-06-11,2022-10-23
3,Manama,auto,20,4,9,7,20,0,9,11,0.2,0.45,0.35,553798.42,27689.922,0.027204999999999997,32.4,0.25,0.2,2020-05-12,2022-08-31
1,Lyon,mortgage,8,4,2,2,8,1,3,4,0.5,0.25,0.25,278741.36,34842.67,0.028037500000000003,37.5,0.375,0.125,2021-01-25,2022-08-10
21,Helsinki,auto,16,6,4,6,16,3,3,10,0.375,0.25,0.375,435464.08999999997,27216.506,0.03399375,33.75,0.3125,0.25,2020-10-20,2022-11-21
64,Luxembourg,mortgage,18,4,8,6,18,3,3,12,0.22222222,0.44444445,0.33333334,515905.2,28661.398,0.030494444444444442,38.0,0.3888889,0.11111111,2022-02-22,2022-08-15
54,Cologne,auto,15,4,5,6,15,3,3,9,0.26666668,0.33333334,0.4,418895.51,27926.367,0.03988666666666667,32.8,0.33333334,0.26666668,2020-05-04,2022-10-02
61,Brussels,personal,22,13,7,2,22,2,5,15,0.59090906,0.3181818,0.09090909,503987.81,22908.537,0.03338636363636363,46.36363636363637,0.59090906,0.045454547,2020-03-05,2022-12-24
97,Riyadh,mortgage,20,5,6,9,20,2,4,14,0.25,0.3,0.45,549238.55,27461.928,0.027795000000000004,32.4,0.45,0.35,2020-01-20,2022-07-13
46,Trondheim,auto,22,8,4,10,22,1,7,14,0.36363637,0.18181819,0.45454547,525542.0800000001,23888.275,0.028036363636363637,36.54545454545455,0.4090909,0.18181819,2020-04-22,2022-11-11
10,Chisinau,mortgage,20,12,5,3,20,3,7,10,0.6,0.25,0.15,493474.91,24673.746,0.03275,37.8,0.35,0.1,2020-03-14,2022-09-26
24,Cairo,personal,17,7,8,2,17,3,6,8,0.4117647,0.47058824,0.11764706,484256.18000000005,28485.658,0.02925294117647059,29.647058823529413,0.23529412,0.3529412,2020-01-04,2021-04-07
5,Bergen,auto,16,4,8,4,16,4,2,10,0.25,0.5,0.25,471744.89999999997,29484.057,0.03236249999999999,30.75,0.3125,0.3125,2020-04-25,2022-10-16
50,Athens,personal,13,3,5,5,13,3,2,8,0.23076923,0.3846154,0.3846154,297877.48999999993,22913.654,0.03095384615384615,45.23076923076923,0.61538464,0.0,2020-03-04,2022-07-04
94,Munich,mortgage,19,7,5,7,19,4,5,10,0.36842105,0.2631579,0.36842105,531878.03,27993.578,0.027131578947368423,35.36842105263158,0.47368422,0.31578946,2020-01-12,2021-04-19
6,Hamburg,auto,14,6,6,2,14,4,4,6,0.42857143,0.42857143,0.14285715,375905.66000000003,26850.404,0.026600000000000002,40.285714285714285,0.5,0.14285715,2020-01-30,2022-11-08
35,Podgorica,personal,17,4,6,7,17,2,2,13,0.23529412,0.3529412,0.4117647,352509.24,20735.838,0.02895294117647059,33.1764705882353,0.3529412,0.29411766,2020-02-29,2021-03-01
7,London,personal,14,3,7,4,14,1,7,6,0.21428572,0.5,0.2857143,335698.49,23978.465,0.03239285714285715,36.0,0.35714287,0.14285715,2021-07-21,2022-02-22
95,Prague,personal,19,8,3,8,19,2,8,9,0.42105263,0.15789473,0.42105263,520694.74,27404.986,0.025499999999999995,40.421052631578945,0.57894737,0.21052632,2020-01-14,2022-05-02
63,Dubai,mortgage,18,2,8,8,18,1,6,11,0.11111111,0.44444445,0.44444445,405842.63000000006,22546.812,0.02957222222222223,36.0,0.3888889,0.16666667,2021-11-15,2022-04-16
69,Doha,mortgage,17,6,5,6,17,1,3,13,0.3529412,0.29411766,0.3529412,414526.82999999996,24383.932,0.02111764705882353,31.764705882352942,0.23529412,0.29411766,2022-04-13,2022-12-28
51,Johannesburg,auto,15,6,5,4,15,0,4,11,0.4,0.33333334,0.26666668,366177.38,24411.824,0.03800666666666667,28.0,0.33333334,0.46666667,2020-03-12,2022-07-27
79,Nur-Sultan,personal,16,7,5,4,16,2,4,10,0.4375,0.3125,0.25,385020.88,24063.805,0.031087499999999997,29.25,0.3125,0.375,2020-11-01,2022-04-15
71,New York,personal,13,4,4,5,13,1,7,5,0.30769232,0.30769232,0.3846154,313724.15,24132.627,0.031207692307692308,37.84615384615385,0.3846154,0.23076923,2020-02-05,2022-11-11
80,Bucharest,mortgage,15,2,5,8,15,2,7,6,0.13333334,0.33333334,0.53333336,418143.6500000001,27876.244,0.027706666666666668,32.0,0.4,0.26666668,2021-02-06,2021-04-01
62,Toronto,auto,22,8,6,8,22,1,7,14,0.36363637,0.27272728,0.36363637,520503.20999999996,23659.236,0.036372727272727286,37.09090909090909,0.4090909,0.22727273,2020-01-03,2022-08-15
30,Budapest,personal,13,3,5,5,13,3,4,6,0.23076923,0.3846154,0.3846154,357422.5200000001,27494.041,0.029023076923076926,40.61538461538461,0.61538464,0.15384616,2021-08-17,2022-09-28
75,Milan,mortgage,19,4,6,9,19,2,4,13,0.21052632,0.31578946,0.47368422,477626.27,25138.225,0.024536842105263152,38.526315789473685,0.5263158,0.21052632,2021-01-22,2022-07-14
48,Rotterdam,personal,12,4,3,5,12,1,3,8,0.33333334,0.25,0.41666666,417733.91,34811.16,0.026874999999999996,31.0,0.41666666,0.5,2020-04-06,2022-02-24
81,Malmo,personal,11,3,4,4,11,3,2,6,0.27272728,0.36363637,0.36363637,184406.89000000004,16764.264,0.020854545454545455,37.09090909090909,0.45454547,0.18181819,2021-01-04,2021-11-14
93,San Francisco,auto,14,3,4,7,14,2,1,11,0.21428572,0.2857143,0.5,429597.27,30685.52,0.02939285714285714,36.0,0.35714287,0.071428575,2021-10-15,2022-07-13
